Session,Upload Date
Nov 2019,17/02/20
Nov 2019,03/03/20
Nov 2019,04/03/20
Nov 2019,06/03/20
Nov 2019,13/03/20
Nov 2019,30/05/20
Nov 2019,13/06/20
Nov 2019,29/06/20
Nov 2019,14/07/20
Nov 2019,17/07/20
Nov 2019,18/07/20
Nov 2019,23/07/20
Nov 2019,30/07/20
Nov 2019,01/08/20
Nov 2019,04/08/20
Nov 2019,05/08/20
Nov 2019,06/08/20
Nov 2019,25/08/20
Nov 2019,08/09/20
Nov 2019,17/09/20
Nov 2019,28/10/20
Nov 2019,26/11/20
Nov 2019,22/12/20
Nov 2019,03/02/21
Nov 2019,12/02/21
Nov 2019,13/02/21
Nov 2019,15/02/21
Nov 2019,03/03/21
Apr 2020,14/07/20
Apr 2020,16/07/20
Apr 2020,17/07/20
Apr 2020,18/07/20
Apr 2020,20/07/20
Apr 2020,22/07/20
Apr 2020,23/07/20
Apr 2020,24/07/20
Apr 2020,29/07/20
Apr 2020,30/07/20
Apr 2020,01/08/20
Apr 2020,06/08/20
Apr 2020,07/08/20
Apr 2020,17/08/20
Apr 2020,21/08/20
Apr 2020,24/08/20
Apr 2020,25/08/20
Apr 2020,28/08/20
Apr 2020,01/09/20
Apr 2020,08/09/20
Apr 2020,17/09/20
Apr 2020,25/09/20
Apr 2020,28/09/20
Apr 2020,06/10/20
Apr 2020,07/10/20
Apr 2020,26/10/20
Apr 2020,05/01/21
Apr 2020,07/01/21
Apr 2020,25/01/21
Apr 2020,02/02/21
Apr 2020,18/02/21
Apr 2020,25/02/21
Apr 2020,26/02/21
Apr 2020,03/03/21
Apr 2020,04/03/21
Apr 2020,08/03/21
